profile,source_file,entry_profile,test_kind,version_family,exact_version,case,scenario,metric,value,status,run_id,failure_reason,results_csv
mprotect_shared_dirty_formal_refresh,mm/mprotect.c,mprotect_paths,workload,6.19,6.19.9,,shared_dirty_full_toggle_64m,cycle_ns_per_page,680.000000,ok,mprotect_shared_dirty_formal_refresh_mmreg_mprotect_shared_dirty_formal_refresh_v6_19_shared_dirty_full_toggle_64m_r01-bench-20260513T123623Z,,/workspace/kernel-study/out/workload-results/mprotect_shared_dirty_formal_refresh_mmreg_mprotect_shared_dirty_formal_refresh_v6_19_shared_dirty_full_toggle_64m_r01-bench-20260513T123623Z.results.csv
mprotect_shared_dirty_formal_refresh,mm/mprotect.c,mprotect_paths,workload,6.19,6.19.9,,shared_dirty_full_toggle_64m,protect_ns_per_page,226.000000,ok,mprotect_shared_dirty_formal_refresh_mmreg_mprotect_shared_dirty_formal_refresh_v6_19_shared_dirty_full_toggle_64m_r01-bench-20260513T123623Z,,/workspace/kernel-study/out/workload-results/mprotect_shared_dirty_formal_refresh_mmreg_mprotect_shared_dirty_formal_refresh_v6_19_shared_dirty_full_toggle_64m_r01-bench-20260513T123623Z.results.csv
mprotect_shared_dirty_formal_refresh,mm/mprotect.c,mprotect_paths,workload,6.19,6.19.9,,shared_dirty_full_toggle_64m,restore_ns_per_page,217.000000,ok,mprotect_shared_dirty_formal_refresh_mmreg_mprotect_shared_dirty_formal_refresh_v6_19_shared_dirty_full_toggle_64m_r01-bench-20260513T123623Z,,/workspace/kernel-study/out/workload-results/mprotect_shared_dirty_formal_refresh_mmreg_mprotect_shared_dirty_formal_refresh_v6_19_shared_dirty_full_toggle_64m_r01-bench-20260513T123623Z.results.csv
mprotect_shared_dirty_formal_refresh,mm/mprotect.c,mprotect_paths,workload,6.12,6.12.77,,shared_dirty_full_toggle_64m,cycle_ns_per_page,366.000000,ok,mprotect_shared_dirty_formal_refresh_mmreg_mprotect_shared_dirty_formal_refresh_v6_12_shared_dirty_full_toggle_64m_r01-bench-20260513T123641Z,,/workspace/kernel-study/out/workload-results/mprotect_shared_dirty_formal_refresh_mmreg_mprotect_shared_dirty_formal_refresh_v6_12_shared_dirty_full_toggle_64m_r01-bench-20260513T123641Z.results.csv
mprotect_shared_dirty_formal_refresh,mm/mprotect.c,mprotect_paths,workload,6.12,6.12.77,,shared_dirty_full_toggle_64m,protect_ns_per_page,81.000000,ok,mprotect_shared_dirty_formal_refresh_mmreg_mprotect_shared_dirty_formal_refresh_v6_12_shared_dirty_full_toggle_64m_r01-bench-20260513T123641Z,,/workspace/kernel-study/out/workload-results/mprotect_shared_dirty_formal_refresh_mmreg_mprotect_shared_dirty_formal_refresh_v6_12_shared_dirty_full_toggle_64m_r01-bench-20260513T123641Z.results.csv
mprotect_shared_dirty_formal_refresh,mm/mprotect.c,mprotect_paths,workload,6.12,6.12.77,,shared_dirty_full_toggle_64m,restore_ns_per_page,73.000000,ok,mprotect_shared_dirty_formal_refresh_mmreg_mprotect_shared_dirty_formal_refresh_v6_12_shared_dirty_full_toggle_64m_r01-bench-20260513T123641Z,,/workspace/kernel-study/out/workload-results/mprotect_shared_dirty_formal_refresh_mmreg_mprotect_shared_dirty_formal_refresh_v6_12_shared_dirty_full_toggle_64m_r01-bench-20260513T123641Z.results.csv
mprotect_shared_dirty_formal_refresh,mm/mprotect.c,mprotect_paths,workload,6.12,6.12.77,,shared_dirty_full_toggle_64m,cycle_ns_per_page,382.000000,ok,mprotect_shared_dirty_formal_refresh_mmreg_mprotect_shared_dirty_formal_refresh_v6_12_shared_dirty_full_toggle_64m_r02-bench-20260513T123658Z,,/workspace/kernel-study/out/workload-results/mprotect_shared_dirty_formal_refresh_mmreg_mprotect_shared_dirty_formal_refresh_v6_12_shared_dirty_full_toggle_64m_r02-bench-20260513T123658Z.results.csv
mprotect_shared_dirty_formal_refresh,mm/mprotect.c,mprotect_paths,workload,6.12,6.12.77,,shared_dirty_full_toggle_64m,protect_ns_per_page,73.000000,ok,mprotect_shared_dirty_formal_refresh_mmreg_mprotect_shared_dirty_formal_refresh_v6_12_shared_dirty_full_toggle_64m_r02-bench-20260513T123658Z,,/workspace/kernel-study/out/workload-results/mprotect_shared_dirty_formal_refresh_mmreg_mprotect_shared_dirty_formal_refresh_v6_12_shared_dirty_full_toggle_64m_r02-bench-20260513T123658Z.results.csv
mprotect_shared_dirty_formal_refresh,mm/mprotect.c,mprotect_paths,workload,6.12,6.12.77,,shared_dirty_full_toggle_64m,restore_ns_per_page,89.000000,ok,mprotect_shared_dirty_formal_refresh_mmreg_mprotect_shared_dirty_formal_refresh_v6_12_shared_dirty_full_toggle_64m_r02-bench-20260513T123658Z,,/workspace/kernel-study/out/workload-results/mprotect_shared_dirty_formal_refresh_mmreg_mprotect_shared_dirty_formal_refresh_v6_12_shared_dirty_full_toggle_64m_r02-bench-20260513T123658Z.results.csv
mprotect_shared_dirty_formal_refresh,mm/mprotect.c,mprotect_paths,workload,6.19,6.19.9,,shared_dirty_full_toggle_64m,cycle_ns_per_page,631.000000,ok,mprotect_shared_dirty_formal_refresh_mmreg_mprotect_shared_dirty_formal_refresh_v6_19_shared_dirty_full_toggle_64m_r02-bench-20260513T123714Z,,/workspace/kernel-study/out/workload-results/mprotect_shared_dirty_formal_refresh_mmreg_mprotect_shared_dirty_formal_refresh_v6_19_shared_dirty_full_toggle_64m_r02-bench-20260513T123714Z.results.csv
mprotect_shared_dirty_formal_refresh,mm/mprotect.c,mprotect_paths,workload,6.19,6.19.9,,shared_dirty_full_toggle_64m,protect_ns_per_page,202.000000,ok,mprotect_shared_dirty_formal_refresh_mmreg_mprotect_shared_dirty_formal_refresh_v6_19_shared_dirty_full_toggle_64m_r02-bench-20260513T123714Z,,/workspace/kernel-study/out/workload-results/mprotect_shared_dirty_formal_refresh_mmreg_mprotect_shared_dirty_formal_refresh_v6_19_shared_dirty_full_toggle_64m_r02-bench-20260513T123714Z.results.csv
mprotect_shared_dirty_formal_refresh,mm/mprotect.c,mprotect_paths,workload,6.19,6.19.9,,shared_dirty_full_toggle_64m,restore_ns_per_page,193.000000,ok,mprotect_shared_dirty_formal_refresh_mmreg_mprotect_shared_dirty_formal_refresh_v6_19_shared_dirty_full_toggle_64m_r02-bench-20260513T123714Z,,/workspace/kernel-study/out/workload-results/mprotect_shared_dirty_formal_refresh_mmreg_mprotect_shared_dirty_formal_refresh_v6_19_shared_dirty_full_toggle_64m_r02-bench-20260513T123714Z.results.csv
mprotect_shared_dirty_formal_refresh,mm/mprotect.c,mprotect_paths,workload,6.19,6.19.9,,shared_dirty_full_toggle_64m,cycle_ns_per_page,569.000000,ok,mprotect_shared_dirty_formal_refresh_mmreg_mprotect_shared_dirty_formal_refresh_v6_19_shared_dirty_full_toggle_64m_r03-bench-20260513T123732Z,,/workspace/kernel-study/out/workload-results/mprotect_shared_dirty_formal_refresh_mmreg_mprotect_shared_dirty_formal_refresh_v6_19_shared_dirty_full_toggle_64m_r03-bench-20260513T123732Z.results.csv
mprotect_shared_dirty_formal_refresh,mm/mprotect.c,mprotect_paths,workload,6.19,6.19.9,,shared_dirty_full_toggle_64m,protect_ns_per_page,170.000000,ok,mprotect_shared_dirty_formal_refresh_mmreg_mprotect_shared_dirty_formal_refresh_v6_19_shared_dirty_full_toggle_64m_r03-bench-20260513T123732Z,,/workspace/kernel-study/out/workload-results/mprotect_shared_dirty_formal_refresh_mmreg_mprotect_shared_dirty_formal_refresh_v6_19_shared_dirty_full_toggle_64m_r03-bench-20260513T123732Z.results.csv
mprotect_shared_dirty_formal_refresh,mm/mprotect.c,mprotect_paths,workload,6.19,6.19.9,,shared_dirty_full_toggle_64m,restore_ns_per_page,170.000000,ok,mprotect_shared_dirty_formal_refresh_mmreg_mprotect_shared_dirty_formal_refresh_v6_19_shared_dirty_full_toggle_64m_r03-bench-20260513T123732Z,,/workspace/kernel-study/out/workload-results/mprotect_shared_dirty_formal_refresh_mmreg_mprotect_shared_dirty_formal_refresh_v6_19_shared_dirty_full_toggle_64m_r03-bench-20260513T123732Z.results.csv
mprotect_shared_dirty_formal_refresh,mm/mprotect.c,mprotect_paths,workload,6.12,6.12.77,,shared_dirty_full_toggle_64m,cycle_ns_per_page,353.000000,ok,mprotect_shared_dirty_formal_refresh_mmreg_mprotect_shared_dirty_formal_refresh_v6_12_shared_dirty_full_toggle_64m_r03-bench-20260513T123748Z,,/workspace/kernel-study/out/workload-results/mprotect_shared_dirty_formal_refresh_mmreg_mprotect_shared_dirty_formal_refresh_v6_12_shared_dirty_full_toggle_64m_r03-bench-20260513T123748Z.results.csv
mprotect_shared_dirty_formal_refresh,mm/mprotect.c,mprotect_paths,workload,6.12,6.12.77,,shared_dirty_full_toggle_64m,protect_ns_per_page,58.000000,ok,mprotect_shared_dirty_formal_refresh_mmreg_mprotect_shared_dirty_formal_refresh_v6_12_shared_dirty_full_toggle_64m_r03-bench-20260513T123748Z,,/workspace/kernel-study/out/workload-results/mprotect_shared_dirty_formal_refresh_mmreg_mprotect_shared_dirty_formal_refresh_v6_12_shared_dirty_full_toggle_64m_r03-bench-20260513T123748Z.results.csv
mprotect_shared_dirty_formal_refresh,mm/mprotect.c,mprotect_paths,workload,6.12,6.12.77,,shared_dirty_full_toggle_64m,restore_ns_per_page,50.000000,ok,mprotect_shared_dirty_formal_refresh_mmreg_mprotect_shared_dirty_formal_refresh_v6_12_shared_dirty_full_toggle_64m_r03-bench-20260513T123748Z,,/workspace/kernel-study/out/workload-results/mprotect_shared_dirty_formal_refresh_mmreg_mprotect_shared_dirty_formal_refresh_v6_12_shared_dirty_full_toggle_64m_r03-bench-20260513T123748Z.results.csv
mprotect_shared_dirty_formal_refresh,mm/mprotect.c,mprotect_paths,workload,6.19,6.19.9,,shared_dirty_full_toggle_64m,cycle_ns_per_page,602.000000,ok,mprotect_shared_dirty_formal_refresh_mmreg_mprotect_shared_dirty_formal_refresh_v6_19_shared_dirty_full_toggle_64m_r04-bench-20260513T123805Z,,/workspace/kernel-study/out/workload-results/mprotect_shared_dirty_formal_refresh_mmreg_mprotect_shared_dirty_formal_refresh_v6_19_shared_dirty_full_toggle_64m_r04-bench-20260513T123805Z.results.csv
mprotect_shared_dirty_formal_refresh,mm/mprotect.c,mprotect_paths,workload,6.19,6.19.9,,shared_dirty_full_toggle_64m,protect_ns_per_page,219.000000,ok,mprotect_shared_dirty_formal_refresh_mmreg_mprotect_shared_dirty_formal_refresh_v6_19_shared_dirty_full_toggle_64m_r04-bench-20260513T123805Z,,/workspace/kernel-study/out/workload-results/mprotect_shared_dirty_formal_refresh_mmreg_mprotect_shared_dirty_formal_refresh_v6_19_shared_dirty_full_toggle_64m_r04-bench-20260513T123805Z.results.csv
mprotect_shared_dirty_formal_refresh,mm/mprotect.c,mprotect_paths,workload,6.19,6.19.9,,shared_dirty_full_toggle_64m,restore_ns_per_page,187.000000,ok,mprotect_shared_dirty_formal_refresh_mmreg_mprotect_shared_dirty_formal_refresh_v6_19_shared_dirty_full_toggle_64m_r04-bench-20260513T123805Z,,/workspace/kernel-study/out/workload-results/mprotect_shared_dirty_formal_refresh_mmreg_mprotect_shared_dirty_formal_refresh_v6_19_shared_dirty_full_toggle_64m_r04-bench-20260513T123805Z.results.csv
mprotect_shared_dirty_formal_refresh,mm/mprotect.c,mprotect_paths,workload,6.12,6.12.77,,shared_dirty_full_toggle_64m,cycle_ns_per_page,325.000000,ok,mprotect_shared_dirty_formal_refresh_mmreg_mprotect_shared_dirty_formal_refresh_v6_12_shared_dirty_full_toggle_64m_r04-bench-20260513T123821Z,,/workspace/kernel-study/out/workload-results/mprotect_shared_dirty_formal_refresh_mmreg_mprotect_shared_dirty_formal_refresh_v6_12_shared_dirty_full_toggle_64m_r04-bench-20260513T123821Z.results.csv
mprotect_shared_dirty_formal_refresh,mm/mprotect.c,mprotect_paths,workload,6.12,6.12.77,,shared_dirty_full_toggle_64m,protect_ns_per_page,65.000000,ok,mprotect_shared_dirty_formal_refresh_mmreg_mprotect_shared_dirty_formal_refresh_v6_12_shared_dirty_full_toggle_64m_r04-bench-20260513T123821Z,,/workspace/kernel-study/out/workload-results/mprotect_shared_dirty_formal_refresh_mmreg_mprotect_shared_dirty_formal_refresh_v6_12_shared_dirty_full_toggle_64m_r04-bench-20260513T123821Z.results.csv
mprotect_shared_dirty_formal_refresh,mm/mprotect.c,mprotect_paths,workload,6.12,6.12.77,,shared_dirty_full_toggle_64m,restore_ns_per_page,56.000000,ok,mprotect_shared_dirty_formal_refresh_mmreg_mprotect_shared_dirty_formal_refresh_v6_12_shared_dirty_full_toggle_64m_r04-bench-20260513T123821Z,,/workspace/kernel-study/out/workload-results/mprotect_shared_dirty_formal_refresh_mmreg_mprotect_shared_dirty_formal_refresh_v6_12_shared_dirty_full_toggle_64m_r04-bench-20260513T123821Z.results.csv
mprotect_shared_dirty_formal_refresh,mm/mprotect.c,mprotect_paths,workload,6.12,6.12.77,,shared_dirty_full_toggle_64m,cycle_ns_per_page,,unsupported,mprotect_shared_dirty_formal_refresh_mmreg_mprotect_shared_dirty_formal_refresh_v6_12_shared_dirty_full_toggle_64m_r05,qemu_failure: Command '['/workspace/kernel-study/run_qemu_bitmap_bench.sh']' returned non-zero exit status 139.,
mprotect_shared_dirty_formal_refresh,mm/mprotect.c,mprotect_paths,workload,6.12,6.12.77,,shared_dirty_full_toggle_64m,protect_ns_per_page,,unsupported,mprotect_shared_dirty_formal_refresh_mmreg_mprotect_shared_dirty_formal_refresh_v6_12_shared_dirty_full_toggle_64m_r05,qemu_failure: Command '['/workspace/kernel-study/run_qemu_bitmap_bench.sh']' returned non-zero exit status 139.,
mprotect_shared_dirty_formal_refresh,mm/mprotect.c,mprotect_paths,workload,6.12,6.12.77,,shared_dirty_full_toggle_64m,restore_ns_per_page,,unsupported,mprotect_shared_dirty_formal_refresh_mmreg_mprotect_shared_dirty_formal_refresh_v6_12_shared_dirty_full_toggle_64m_r05,qemu_failure: Command '['/workspace/kernel-study/run_qemu_bitmap_bench.sh']' returned non-zero exit status 139.,
mprotect_shared_dirty_formal_refresh,mm/mprotect.c,mprotect_paths,workload,6.19,6.19.9,,shared_dirty_full_toggle_64m,cycle_ns_per_page,569.000000,ok,mprotect_shared_dirty_formal_refresh_mmreg_mprotect_shared_dirty_formal_refresh_v6_19_shared_dirty_full_toggle_64m_r05-bench-20260513T123838Z,,/workspace/kernel-study/out/workload-results/mprotect_shared_dirty_formal_refresh_mmreg_mprotect_shared_dirty_formal_refresh_v6_19_shared_dirty_full_toggle_64m_r05-bench-20260513T123838Z.results.csv
mprotect_shared_dirty_formal_refresh,mm/mprotect.c,mprotect_paths,workload,6.19,6.19.9,,shared_dirty_full_toggle_64m,protect_ns_per_page,162.000000,ok,mprotect_shared_dirty_formal_refresh_mmreg_mprotect_shared_dirty_formal_refresh_v6_19_shared_dirty_full_toggle_64m_r05-bench-20260513T123838Z,,/workspace/kernel-study/out/workload-results/mprotect_shared_dirty_formal_refresh_mmreg_mprotect_shared_dirty_formal_refresh_v6_19_shared_dirty_full_toggle_64m_r05-bench-20260513T123838Z.results.csv
mprotect_shared_dirty_formal_refresh,mm/mprotect.c,mprotect_paths,workload,6.19,6.19.9,,shared_dirty_full_toggle_64m,restore_ns_per_page,195.000000,ok,mprotect_shared_dirty_formal_refresh_mmreg_mprotect_shared_dirty_formal_refresh_v6_19_shared_dirty_full_toggle_64m_r05-bench-20260513T123838Z,,/workspace/kernel-study/out/workload-results/mprotect_shared_dirty_formal_refresh_mmreg_mprotect_shared_dirty_formal_refresh_v6_19_shared_dirty_full_toggle_64m_r05-bench-20260513T123838Z.results.csv
mprotect_shared_dirty_formal_refresh,mm/mprotect.c,mprotect_paths,workload,6.12,6.12.77,,shared_dirty_full_toggle_64m,cycle_ns_per_page,406.000000,ok,mprotect_shared_dirty_formal_refresh_mmreg_mprotect_shared_dirty_formal_refresh_v6_12_shared_dirty_full_toggle_64m_r06-bench-20260513T123855Z,,/workspace/kernel-study/out/workload-results/mprotect_shared_dirty_formal_refresh_mmreg_mprotect_shared_dirty_formal_refresh_v6_12_shared_dirty_full_toggle_64m_r06-bench-20260513T123855Z.results.csv
mprotect_shared_dirty_formal_refresh,mm/mprotect.c,mprotect_paths,workload,6.12,6.12.77,,shared_dirty_full_toggle_64m,protect_ns_per_page,81.000000,ok,mprotect_shared_dirty_formal_refresh_mmreg_mprotect_shared_dirty_formal_refresh_v6_12_shared_dirty_full_toggle_64m_r06-bench-20260513T123855Z,,/workspace/kernel-study/out/workload-results/mprotect_shared_dirty_formal_refresh_mmreg_mprotect_shared_dirty_formal_refresh_v6_12_shared_dirty_full_toggle_64m_r06-bench-20260513T123855Z.results.csv
mprotect_shared_dirty_formal_refresh,mm/mprotect.c,mprotect_paths,workload,6.12,6.12.77,,shared_dirty_full_toggle_64m,restore_ns_per_page,89.000000,ok,mprotect_shared_dirty_formal_refresh_mmreg_mprotect_shared_dirty_formal_refresh_v6_12_shared_dirty_full_toggle_64m_r06-bench-20260513T123855Z,,/workspace/kernel-study/out/workload-results/mprotect_shared_dirty_formal_refresh_mmreg_mprotect_shared_dirty_formal_refresh_v6_12_shared_dirty_full_toggle_64m_r06-bench-20260513T123855Z.results.csv
mprotect_shared_dirty_formal_refresh,mm/mprotect.c,mprotect_paths,workload,6.19,6.19.9,,shared_dirty_full_toggle_64m,cycle_ns_per_page,602.000000,ok,mprotect_shared_dirty_formal_refresh_mmreg_mprotect_shared_dirty_formal_refresh_v6_19_shared_dirty_full_toggle_64m_r06-bench-20260513T123911Z,,/workspace/kernel-study/out/workload-results/mprotect_shared_dirty_formal_refresh_mmreg_mprotect_shared_dirty_formal_refresh_v6_19_shared_dirty_full_toggle_64m_r06-bench-20260513T123911Z.results.csv
mprotect_shared_dirty_formal_refresh,mm/mprotect.c,mprotect_paths,workload,6.19,6.19.9,,shared_dirty_full_toggle_64m,protect_ns_per_page,179.000000,ok,mprotect_shared_dirty_formal_refresh_mmreg_mprotect_shared_dirty_formal_refresh_v6_19_shared_dirty_full_toggle_64m_r06-bench-20260513T123911Z,,/workspace/kernel-study/out/workload-results/mprotect_shared_dirty_formal_refresh_mmreg_mprotect_shared_dirty_formal_refresh_v6_19_shared_dirty_full_toggle_64m_r06-bench-20260513T123911Z.results.csv
mprotect_shared_dirty_formal_refresh,mm/mprotect.c,mprotect_paths,workload,6.19,6.19.9,,shared_dirty_full_toggle_64m,restore_ns_per_page,187.000000,ok,mprotect_shared_dirty_formal_refresh_mmreg_mprotect_shared_dirty_formal_refresh_v6_19_shared_dirty_full_toggle_64m_r06-bench-20260513T123911Z,,/workspace/kernel-study/out/workload-results/mprotect_shared_dirty_formal_refresh_mmreg_mprotect_shared_dirty_formal_refresh_v6_19_shared_dirty_full_toggle_64m_r06-bench-20260513T123911Z.results.csv
mprotect_shared_dirty_formal_refresh,mm/mprotect.c,mprotect_paths,workload,6.19,6.19.9,,shared_dirty_full_toggle_64m,cycle_ns_per_page,634.000000,ok,mprotect_shared_dirty_formal_refresh_mmreg_mprotect_shared_dirty_formal_refresh_v6_19_shared_dirty_full_toggle_64m_r07-bench-20260513T123927Z,,/workspace/kernel-study/out/workload-results/mprotect_shared_dirty_formal_refresh_mmreg_mprotect_shared_dirty_formal_refresh_v6_19_shared_dirty_full_toggle_64m_r07-bench-20260513T123927Z.results.csv
mprotect_shared_dirty_formal_refresh,mm/mprotect.c,mprotect_paths,workload,6.19,6.19.9,,shared_dirty_full_toggle_64m,protect_ns_per_page,195.000000,ok,mprotect_shared_dirty_formal_refresh_mmreg_mprotect_shared_dirty_formal_refresh_v6_19_shared_dirty_full_toggle_64m_r07-bench-20260513T123927Z,,/workspace/kernel-study/out/workload-results/mprotect_shared_dirty_formal_refresh_mmreg_mprotect_shared_dirty_formal_refresh_v6_19_shared_dirty_full_toggle_64m_r07-bench-20260513T123927Z.results.csv
mprotect_shared_dirty_formal_refresh,mm/mprotect.c,mprotect_paths,workload,6.19,6.19.9,,shared_dirty_full_toggle_64m,restore_ns_per_page,185.000000,ok,mprotect_shared_dirty_formal_refresh_mmreg_mprotect_shared_dirty_formal_refresh_v6_19_shared_dirty_full_toggle_64m_r07-bench-20260513T123927Z,,/workspace/kernel-study/out/workload-results/mprotect_shared_dirty_formal_refresh_mmreg_mprotect_shared_dirty_formal_refresh_v6_19_shared_dirty_full_toggle_64m_r07-bench-20260513T123927Z.results.csv
mprotect_shared_dirty_formal_refresh,mm/mprotect.c,mprotect_paths,workload,6.12,6.12.77,,shared_dirty_full_toggle_64m,cycle_ns_per_page,446.000000,ok,mprotect_shared_dirty_formal_refresh_mmreg_mprotect_shared_dirty_formal_refresh_v6_12_shared_dirty_full_toggle_64m_r07-bench-20260513T123944Z,,/workspace/kernel-study/out/workload-results/mprotect_shared_dirty_formal_refresh_mmreg_mprotect_shared_dirty_formal_refresh_v6_12_shared_dirty_full_toggle_64m_r07-bench-20260513T123944Z.results.csv
mprotect_shared_dirty_formal_refresh,mm/mprotect.c,mprotect_paths,workload,6.12,6.12.77,,shared_dirty_full_toggle_64m,protect_ns_per_page,67.000000,ok,mprotect_shared_dirty_formal_refresh_mmreg_mprotect_shared_dirty_formal_refresh_v6_12_shared_dirty_full_toggle_64m_r07-bench-20260513T123944Z,,/workspace/kernel-study/out/workload-results/mprotect_shared_dirty_formal_refresh_mmreg_mprotect_shared_dirty_formal_refresh_v6_12_shared_dirty_full_toggle_64m_r07-bench-20260513T123944Z.results.csv
mprotect_shared_dirty_formal_refresh,mm/mprotect.c,mprotect_paths,workload,6.12,6.12.77,,shared_dirty_full_toggle_64m,restore_ns_per_page,92.000000,ok,mprotect_shared_dirty_formal_refresh_mmreg_mprotect_shared_dirty_formal_refresh_v6_12_shared_dirty_full_toggle_64m_r07-bench-20260513T123944Z,,/workspace/kernel-study/out/workload-results/mprotect_shared_dirty_formal_refresh_mmreg_mprotect_shared_dirty_formal_refresh_v6_12_shared_dirty_full_toggle_64m_r07-bench-20260513T123944Z.results.csv
mprotect_shared_dirty_formal_refresh,mm/mprotect.c,mprotect_paths,workload,6.19,6.19.9,,shared_dirty_full_toggle_64m,cycle_ns_per_page,683.000000,ok,mprotect_shared_dirty_formal_refresh_mmreg_mprotect_shared_dirty_formal_refresh_v6_19_shared_dirty_full_toggle_64m_r08-bench-20260513T124000Z,,/workspace/kernel-study/out/workload-results/mprotect_shared_dirty_formal_refresh_mmreg_mprotect_shared_dirty_formal_refresh_v6_19_shared_dirty_full_toggle_64m_r08-bench-20260513T124000Z.results.csv
mprotect_shared_dirty_formal_refresh,mm/mprotect.c,mprotect_paths,workload,6.19,6.19.9,,shared_dirty_full_toggle_64m,protect_ns_per_page,224.000000,ok,mprotect_shared_dirty_formal_refresh_mmreg_mprotect_shared_dirty_formal_refresh_v6_19_shared_dirty_full_toggle_64m_r08-bench-20260513T124000Z,,/workspace/kernel-study/out/workload-results/mprotect_shared_dirty_formal_refresh_mmreg_mprotect_shared_dirty_formal_refresh_v6_19_shared_dirty_full_toggle_64m_r08-bench-20260513T124000Z.results.csv
mprotect_shared_dirty_formal_refresh,mm/mprotect.c,mprotect_paths,workload,6.19,6.19.9,,shared_dirty_full_toggle_64m,restore_ns_per_page,244.000000,ok,mprotect_shared_dirty_formal_refresh_mmreg_mprotect_shared_dirty_formal_refresh_v6_19_shared_dirty_full_toggle_64m_r08-bench-20260513T124000Z,,/workspace/kernel-study/out/workload-results/mprotect_shared_dirty_formal_refresh_mmreg_mprotect_shared_dirty_formal_refresh_v6_19_shared_dirty_full_toggle_64m_r08-bench-20260513T124000Z.results.csv
mprotect_shared_dirty_formal_refresh,mm/mprotect.c,mprotect_paths,workload,6.12,6.12.77,,shared_dirty_full_toggle_64m,cycle_ns_per_page,370.000000,ok,mprotect_shared_dirty_formal_refresh_mmreg_mprotect_shared_dirty_formal_refresh_v6_12_shared_dirty_full_toggle_64m_r08-bench-20260513T124017Z,,/workspace/kernel-study/out/workload-results/mprotect_shared_dirty_formal_refresh_mmreg_mprotect_shared_dirty_formal_refresh_v6_12_shared_dirty_full_toggle_64m_r08-bench-20260513T124017Z.results.csv
mprotect_shared_dirty_formal_refresh,mm/mprotect.c,mprotect_paths,workload,6.12,6.12.77,,shared_dirty_full_toggle_64m,protect_ns_per_page,67.000000,ok,mprotect_shared_dirty_formal_refresh_mmreg_mprotect_shared_dirty_formal_refresh_v6_12_shared_dirty_full_toggle_64m_r08-bench-20260513T124017Z,,/workspace/kernel-study/out/workload-results/mprotect_shared_dirty_formal_refresh_mmreg_mprotect_shared_dirty_formal_refresh_v6_12_shared_dirty_full_toggle_64m_r08-bench-20260513T124017Z.results.csv
mprotect_shared_dirty_formal_refresh,mm/mprotect.c,mprotect_paths,workload,6.12,6.12.77,,shared_dirty_full_toggle_64m,restore_ns_per_page,67.000000,ok,mprotect_shared_dirty_formal_refresh_mmreg_mprotect_shared_dirty_formal_refresh_v6_12_shared_dirty_full_toggle_64m_r08-bench-20260513T124017Z,,/workspace/kernel-study/out/workload-results/mprotect_shared_dirty_formal_refresh_mmreg_mprotect_shared_dirty_formal_refresh_v6_12_shared_dirty_full_toggle_64m_r08-bench-20260513T124017Z.results.csv
mprotect_shared_dirty_formal_refresh,mm/mprotect.c,mprotect_paths,workload,6.19,6.19.9,,shared_dirty_full_toggle_64m,cycle_ns_per_page,653.000000,ok,mprotect_shared_dirty_formal_refresh_mmreg_mprotect_shared_dirty_formal_refresh_v6_19_shared_dirty_full_toggle_64m_r09-bench-20260513T124034Z,,/workspace/kernel-study/out/workload-results/mprotect_shared_dirty_formal_refresh_mmreg_mprotect_shared_dirty_formal_refresh_v6_19_shared_dirty_full_toggle_64m_r09-bench-20260513T124034Z.results.csv
mprotect_shared_dirty_formal_refresh,mm/mprotect.c,mprotect_paths,workload,6.19,6.19.9,,shared_dirty_full_toggle_64m,protect_ns_per_page,235.000000,ok,mprotect_shared_dirty_formal_refresh_mmreg_mprotect_shared_dirty_formal_refresh_v6_19_shared_dirty_full_toggle_64m_r09-bench-20260513T124034Z,,/workspace/kernel-study/out/workload-results/mprotect_shared_dirty_formal_refresh_mmreg_mprotect_shared_dirty_formal_refresh_v6_19_shared_dirty_full_toggle_64m_r09-bench-20260513T124034Z.results.csv
mprotect_shared_dirty_formal_refresh,mm/mprotect.c,mprotect_paths,workload,6.19,6.19.9,,shared_dirty_full_toggle_64m,restore_ns_per_page,209.000000,ok,mprotect_shared_dirty_formal_refresh_mmreg_mprotect_shared_dirty_formal_refresh_v6_19_shared_dirty_full_toggle_64m_r09-bench-20260513T124034Z,,/workspace/kernel-study/out/workload-results/mprotect_shared_dirty_formal_refresh_mmreg_mprotect_shared_dirty_formal_refresh_v6_19_shared_dirty_full_toggle_64m_r09-bench-20260513T124034Z.results.csv
mprotect_shared_dirty_formal_refresh,mm/mprotect.c,mprotect_paths,workload,6.12,6.12.77,,shared_dirty_full_toggle_64m,cycle_ns_per_page,401.000000,ok,mprotect_shared_dirty_formal_refresh_mmreg_mprotect_shared_dirty_formal_refresh_v6_12_shared_dirty_full_toggle_64m_r09-bench-20260513T124051Z,,/workspace/kernel-study/out/workload-results/mprotect_shared_dirty_formal_refresh_mmreg_mprotect_shared_dirty_formal_refresh_v6_12_shared_dirty_full_toggle_64m_r09-bench-20260513T124051Z.results.csv
mprotect_shared_dirty_formal_refresh,mm/mprotect.c,mprotect_paths,workload,6.12,6.12.77,,shared_dirty_full_toggle_64m,protect_ns_per_page,69.000000,ok,mprotect_shared_dirty_formal_refresh_mmreg_mprotect_shared_dirty_formal_refresh_v6_12_shared_dirty_full_toggle_64m_r09-bench-20260513T124051Z,,/workspace/kernel-study/out/workload-results/mprotect_shared_dirty_formal_refresh_mmreg_mprotect_shared_dirty_formal_refresh_v6_12_shared_dirty_full_toggle_64m_r09-bench-20260513T124051Z.results.csv
mprotect_shared_dirty_formal_refresh,mm/mprotect.c,mprotect_paths,workload,6.12,6.12.77,,shared_dirty_full_toggle_64m,restore_ns_per_page,78.000000,ok,mprotect_shared_dirty_formal_refresh_mmreg_mprotect_shared_dirty_formal_refresh_v6_12_shared_dirty_full_toggle_64m_r09-bench-20260513T124051Z,,/workspace/kernel-study/out/workload-results/mprotect_shared_dirty_formal_refresh_mmreg_mprotect_shared_dirty_formal_refresh_v6_12_shared_dirty_full_toggle_64m_r09-bench-20260513T124051Z.results.csv
